id,status_id,date,screen_name,text,source,reply_to_status_id,reply_to_user_id,reply_to_screen_name,is_quote,is_retweet,favorite_count,retweet_count,quote_count,reply_count,hashtags,quoted_status_id,quoted_text,quoted_created_at,quoted_source,quoted_favorite_count,quoted_retweet_count,quoted_user_id,quoted_screen_name,quoted_name,quoted_followers_count,quoted_friends_count,quoted_statuses_count,quoted_location,quoted_description,quoted_verified,retweet_status_id,retweet_text,retweet_created_at,retweet_source,retweet_favorite_count,retweet_retweet_count,retweet_user_id,retweet_screen_name,retweet_name,retweet_followers_count,retweet_friends_count,retweet_statuses_count,retweet_verified,country,status_url,description,followers_count,friends_count,listed_count,statuses_count,favourites_count,verified
1.35E+18,1.35E+18,03/01/2021,sneakenergy,It returns. Blizzard drops 8th January. 2021 already beats 2020.  https://t.co/y37cgbGxK1,,,[],,,,501,56,,28,[],,,,,,,,,,,,,,,,,,,,,56,,,,,,,,,https://twitter.com/SneakEnergy/status/1345445244150685696,,,,,,,
1.34E+18,1.34E+18,28/12/2020,sneakenergy,Itâ€™s official. BLIZZARD IS BACK. January 8th. ðŸŽ¥  ft Sneak Ambassador @harleyxngel (insta)  https://t.co/Rz3j8rlTG6,,,[],,,,469,97,,77,[],,,,,,,,,,,,,,,,,,,,,97,,,,,,,,,https://twitter.com/SneakEnergy/status/1343270451225780230,,,,,,,
1.34E+18,1.34E+18,29/12/2020,sneakenergy,Blizzard is back. The seasonal flavour returns Jan 8th. Donâ€™t miss your chance to stock up for the year ahead â�„ï¸�  https://t.co/t1MDh3cucR,,,[],,,,420,74,,63,[],,,,,,,,,,,,,,,,,,,,,74,,,,,,,,,https://twitter.com/SneakEnergy/status/1343632875632078854,,,,,,,
1.35E+18,1.35E+18,04/01/2021,sneakenergy,"The Blizzard is closing in. Get ready for the drop - Jan 8th, 3pm GMT ðŸ‡¬ðŸ‡§ // 10am EST ðŸ‡ºðŸ‡¸ . ðŸ“· d.grade [on IG] Camera: A7RIV Lens: 24-70 f2.8  https://t.co/sWYmHDlwSw",,,[],,,,341,62,,32,[],,,,,,,,,,,,,,,,,,,,,62,,,,,,,,,https://twitter.com/SneakEnergy/status/1346109308229079046,,,,,,,
1.34E+18,1.34E+18,31/12/2020,sneakenergy,"We couldnâ€™t bring back Blizzard, without bringing back a hoodie drop. Drops Jan 8th.  https://t.co/S0V9X2ikYO",,,[],,,,340,62,,48,[],,,,,,,,,,,,,,,,,,,,,62,,,,,,,,,https://twitter.com/SneakEnergy/status/1344357717239095297,,,,,,,
1.35E+18,1.35E+18,07/01/2021,sneakenergy,"The 24-hour countdown begins. Blizzard's ready - are you? â�„ï¸� Dropping 3pm GMT, 10am ET.  ðŸ“· @imLogan_  ðŸ“· @flashbachphotos  https://t.co/b0uHJkYUOY",,,[],,,,316,59,,38,[],,,,,,,,,,,,,,,,,,,,,59,,,,,,,,,https://twitter.com/SneakEnergy/status/1347196570710794241,,,,,,,
1.34E+18,1.34E+18,30/12/2020,sneakenergy,"Enjoy Blizzard the way it was intended - in the matching Shaker. Drops alongside our Blizzard flavour, Jan 8th.  https://t.co/4m38S9lYFh",,,[],,,,300,55,,40,[],,,,,,,,,,,,,,,,,,,,,55,,,,,,,,,https://twitter.com/SneakEnergy/status/1343995228865376267,,,,,,,
1.35E+18,1.35E+18,07/01/2021,sneakenergy,Everything you need to know about the Blizzard drop in 30 seconds. Go. ðŸ‘€  https://t.co/Ddy976Wc4q,,,[],,,,150,32,,19,[],,,,,,,,,,,,,,,,,,,,,32,,,,,,,,,https://twitter.com/SneakEnergy/status/1347150323803172866,,,,,,,
1.35E+18,1.35E+18,05/01/2021,sneakenergy,This is what happens when you ask @nicktaetro to create a Blizzard track you can chill to â�„ï¸� . Software: Ableton Live Controller: Akai MPK Mini Camera: Lumix Gh5 Lens: 15mm f/1.7  https://t.co/PxttFDL72D,,,[],,,,117,19,,11,[],,,,,,,,,,,,,,,,,,,,,19,,,,,,,,,https://twitter.com/SneakEnergy/status/1346471709893746689,,,,,,,
1.35E+18,1.35E+18,08/01/2021,sneakenergy,"ðŸ‡ªðŸ‡º EU CUSTOMERS: Unfortunately, shipping to the EU is still suspended, and will be for tomorrowâ€™s Blizzard launch (thanks Brexit ðŸ™„). This is only temporary. We will make sure there is Blizzard stock available for when the EU launch is announced. Stay locked for updates!",,,[],,,,75,10,,16,[],,,,,,,,,,,,,,,,,,,,,10,,,,,,,,,https://twitter.com/SneakEnergy/status/1347223047623815170,,,,,,,
1.35E+18,1.35E+18,03/01/2021,sneakenergy,Hereâ€™s how Sneak Creator JesseMakesFilms created thisâ€¦  https://t.co/vJiZrsBy2g,,,[],,,,67,9,,3,[],,,,,,,,,,,,,,,,,,,,,9,,,,,,,,,https://twitter.com/SneakEnergy/status/1345445495351730177,,,,,,,
1.35E+18,1.35E+18,08/01/2021,sneakenergy,We've had a few questions about what this means for the UK. Thankfully the UK launch goes ahead as planned - Blizzard will still launch today at 3pm GMT! ðŸŒ¨â�„ï¸�ðŸ™Œ  https://t.co/wCaVfBfLcN,,,[],,,,26,4,,1,[],,,,,,,,,,,,,,,,,,,,,4,,,,,,,,,https://twitter.com/SneakEnergy/status/1347493009521315840,,,,,,,
1.34E+18,1.34E+18,29/12/2020,sneakenergy,@WajaTheHAT Hi ðŸ‘‹,,,"[{'screen_name': 'WajaTheHAT', 'name': 'Waja', 'id': '754049084210675712'}]",,,,9,0,,3,[],,,,,,,,,,,,,,,,,,,,,0,,,,,,,,,https://twitter.com/SneakEnergy/status/1343864115345973248,,,,,,,
1.35E+18,1.35E+18,03/01/2021,sneakenergy,@iiMiSTx You got it ðŸ‘�,,,"[{'screen_name': 'iiMiSTx', 'name': 'iMiSTx', 'id': '805024461724545024'}]",,,,6,0,,1,[],,,,,,,,,,,,,,,,,,,,,0,,,,,,,,,https://twitter.com/SneakEnergy/status/1345458908245192712,,,,,,,
1.34E+18,1.34E+18,30/12/2020,sneakenergy,@ParrisGaming @YouTubeViperMan Not as cold as the Gulag though Parris ðŸ‘€,,,"[{'screen_name': 'ParrisGaming', 'name': 'SNEAK ParrisGaming', 'id': '737031555579842560'}, {'screen_name': 'YouTubeViperMan', 'name': 'VIPERMAN', 'id': '1201894142328102915'}]",,,,6,0,,2,[],,,,,,,,,,,,,,,,,,,,,0,,,,,,,,,https://twitter.com/SneakEnergy/status/1344311216680927232,,,,,,,
1.34E+18,1.34E+18,30/12/2020,sneakenergy,@LensEffect_ Welcome to the team!,,,"[{'screen_name': 'LensEffect_', 'name': 'Steven', 'id': '1431978871'}]",,,,6,0,,0,[],,,,,,,,,,,,,,,,,,,,,0,,,,,,,,,https://twitter.com/SneakEnergy/status/1343957085743165440,,,,,,,
1.34E+18,1.34E+18,28/12/2020,sneakenergy,@VEN0MISS @harleyxngel Well thanks so much ðŸ™Œ,,,"[{'screen_name': 'VEN0MISS', 'name': 'VENOMISS ðŸ�° SNEAK', 'id': '242455253'}, {'screen_name': 'harleyxngel', 'name': 'harls â™¡', 'id': '832981465'}]",,,,6,0,,0,[],,,,,,,,,,,,,,,,,,,,,0,,,,,,,,,https://twitter.com/SneakEnergy/status/1343457019265748993,,,,,,,
1.35E+18,1.35E+18,08/01/2021,sneakenergy,@fut_fg ðŸ˜‚ðŸ˜‚ðŸ˜‚,,,"[{'screen_name': 'fut_fg', 'name': 'FG', 'id': '354547225'}]",,,,5,0,,0,[],,,,,,,,,,,,,,,,,,,,,0,,,,,,,,,https://twitter.com/SneakEnergy/status/1347295752553443330,,,,,,,
1.35E+18,1.35E+18,08/01/2021,sneakenergy,@himynameisfox That's exactly what we've said we're going to do - and exactly what we will do!,,,"[{'screen_name': 'himynameisfox', 'name': 'Fox', 'id': '221496445'}]",,,,5,0,,0,[],,,,,,,,,,,,,,,,,,,,,0,,,,,,,,,https://twitter.com/SneakEnergy/status/1347223831522508803,,,,,,,
1.34E+18,1.34E+18,30/12/2020,sneakenergy,@ParrisGaming â�„ï¸�â�„ï¸�â�„ï¸�,,,"[{'screen_name': 'ParrisGaming', 'name': 'SNEAK ParrisGaming', 'id': '737031555579842560'}]",,,,4,0,,1,[],,,,,,,,,,,,,,,,,,,,,0,,,,,,,,,https://twitter.com/SneakEnergy/status/1344248430231777281,,,,,,,
1.34E+18,1.34E+18,30/12/2020,sneakenergy,@ALIOGTV @JayceBrandt Guess it's time to get a bigger shelf?,,,"[{'screen_name': 'ALIOGTV', 'name': 'Î›LI OGâ„¢', 'id': '2848737071'}, {'screen_name': 'JayceBrandt', 'name': 'YouTube Jayceâ„¢ï¸�', 'id': '1080418807389306880'}]",,,,4,0,,1,[],,,,,,,,,,,,,,,,,,,,,0,,,,,,,,,https://twitter.com/SneakEnergy/status/1344236957774323716,,,,,,,
1.34E+18,1.34E+18,28/12/2020,sneakenergy,@SmithdoggyTTV Love your thinking ðŸ˜Ž,,,"[{'screen_name': 'SmithdoggyTTV', 'name': 'SNEAK Smithdoggy', 'id': '1283396372050436099'}]",,,,4,0,,1,[],,,,,,,,,,,,,,,,,,,,,0,,,,,,,,,https://twitter.com/SneakEnergy/status/1343456618713935873,,,,,,,
1.34E+18,1.34E+18,28/12/2020,sneakenergy,@TravisCoxYT @harleyxngel Blizzard is our seasonal flavour for winter ðŸ‘�,,,"[{'screen_name': 'TravisCoxYT', 'name': 'Travis Cox', 'id': '2288428305'}, {'screen_name': 'harleyxngel', 'name': 'harls â™¡', 'id': '832981465'}]",,,,4,0,,1,[],,,,,,,,,,,,,,,,,,,,,0,,,,,,,,,https://twitter.com/SneakEnergy/status/1343281726290845697,,,,,,,
1.35E+18,1.35E+18,04/01/2021,sneakenergy,"@Tyswarri0r We are, thanks! Hope you are too ðŸ‘‹",,,"[{'screen_name': 'Tyswarri0r', 'name': 'Tyswarrior', 'id': '751774917536968704'}]",,,,3,0,,1,[],,,,,,,,,,,,,,,,,,,,,0,,,,,,,,,https://twitter.com/SneakEnergy/status/1346076995738882049,,,,,,,
1.34E+18,1.34E+18,30/12/2020,sneakenergy,@NinjaNugget999 Blizzard has a lemonade taste ðŸ¥¶,,,"[{'screen_name': 'NinjaNugget999', 'name': 'NinjaNugget', 'id': '3290233433'}]",,,,3,0,,1,[],,,,,,,,,,,,,,,,,,,,,0,,,,,,,,,https://twitter.com/SneakEnergy/status/1344000167746351104,,,,,,,
1.34E+18,1.34E+18,29/12/2020,sneakenergy,@SmithdoggyTTV Happy birthday!,,,"[{'screen_name': 'SmithdoggyTTV', 'name': 'Smithdoggy', 'id': '1283396372050436099'}]",,,,3,0,,1,[],,,,,,,,,,,,,,,,,,,,,0,,,,,,,,,https://twitter.com/SneakEnergy/status/1343908210072297473,,,,,,,
1.34E+18,1.34E+18,29/12/2020,sneakenergy,@xoJoked I know which one I'd go for ðŸ‘€,,,"[{'screen_name': 'xoJoked', 'name': '#1 Jay', 'id': '1070015015384682497'}]",,,,3,0,,1,[],,,,,,,,,,,,,,,,,,,,,0,,,,,,,,,https://twitter.com/SneakEnergy/status/1343865482940710914,,,,,,,
1.34E+18,1.34E+18,29/12/2020,sneakenergy,@HailsLouis3 Each serving is only 88p and there are 40 servings per tub ðŸ¤Ÿ,,,"[{'screen_name': 'HailsLouis3', 'name': 'ðŸŽ€LaDySmUrF3tT3ðŸŽ€', 'id': '843915358188834822'}]",,,,3,0,,0,[],,,,,,,,,,,,,,,,,,,,,0,,,,,,,,,https://twitter.com/SneakEnergy/status/1343636457035083776,,,,,,,
1.35E+18,1.35E+18,07/01/2021,sneakenergy,@SmithdoggyTTV How much is a year's supply though? ðŸ˜‰,,,"[{'screen_name': 'SmithdoggyTTV', 'name': 'SNEAK Smithdoggy', 'id': '1283396372050436099'}]",,,,2,0,,3,[],,,,,,,,,,,,,,,,,,,,,0,,,,,,,,,https://twitter.com/SneakEnergy/status/1347159992844111874,,,,,,,
1.35E+18,1.35E+18,03/01/2021,sneakenergy,@YouTubeViperMan ðŸ¤ŸðŸ¤ŸðŸ¤Ÿ,,,"[{'screen_name': 'YouTubeViperMan', 'name': 'VIPERMAN', 'id': '1201894142328102915'}]",,,,2,0,,0,[],,,,,,,,,,,,,,,,,,,,,0,,,,,,,,,https://twitter.com/SneakEnergy/status/1345666119173099530,,,,,,,
1.35E+18,1.35E+18,03/01/2021,sneakenergy,@iEndo_og @DeeRockUK â�„ï¸�â�„ï¸�â�„ï¸�,,,"[{'screen_name': 'iEndo_og', 'name': 'iEndo_OG', 'id': '1343570125849550848'}, {'screen_name': 'DeeRockUK', 'name': 'SNEAK DeeRock', 'id': '1178026475544616960'}]",,,,2,0,,0,[],,,,,,,,,,,,,,,,,,,,,0,,,,,,,,,https://twitter.com/SneakEnergy/status/1345666083395694592,,,,,,,
1.35E+18,1.35E+18,03/01/2021,sneakenergy,@CozyFPS_ Blizzard is coming ðŸ¥¶,,,"[{'screen_name': 'CozyFPS_', 'name': 'Cozy', 'id': '1273848741376778240'}]",,,,2,0,,1,[],,,,,,,,,,,,,,,,,,,,,0,,,,,,,,,https://twitter.com/SneakEnergy/status/1345665205360058370,,,,,,,
1.35E+18,1.35E+18,03/01/2021,sneakenergy,@SaiyanTimeLord8 @solonduin Correct ðŸ‘�,,,"[{'screen_name': 'SaiyanTimeLord8', 'name': 'Graham Billson', 'id': '2743709584'}, {'screen_name': 'solonduin', 'name': 'Solonduin', 'id': '397570269'}]",,,,2,0,,0,[],,,,,,,,,,,,,,,,,,,,,0,,,,,,,,,https://twitter.com/SneakEnergy/status/1345451258174464000,,,,,,,
1.35E+18,1.35E+18,03/01/2021,sneakenergy,@ALIOGTV @JayceBrandt We will let you know closer to the launch date ðŸ™Œ,,,"[{'screen_name': 'ALIOGTV', 'name': 'Î›LI OGâ„¢', 'id': '2848737071'}, {'screen_name': 'JayceBrandt', 'name': 'YouTube Jayceâ„¢ï¸�', 'id': '1080418807389306880'}]",,,,2,0,,2,[],,,,,,,,,,,,,,,,,,,,,0,,,,,,,,,https://twitter.com/SneakEnergy/status/1345451042297810944,,,,,,,
1.35E+18,1.35E+18,03/01/2021,sneakenergy,@LetsGoDaymo Extremely ðŸ¥¶ðŸ¥¶,,,"[{'screen_name': 'LetsGoDaymo', 'name': 'DK LetsGoDAYMOâ„¢', 'id': '1084716241259061248'}]",,,,2,0,,0,[],,,,,,,,,,,,,,,,,,,,,0,,,,,,,,,https://twitter.com/SneakEnergy/status/1345450695365976064,,,,,,,
1.35E+18,1.35E+18,03/01/2021,sneakenergy,@SirrSky You know we drop Blizzard on the 8th donâ€™t you ðŸ‘€,,,"[{'screen_name': 'SirrSky', 'name': 'Sky', 'id': '998597978750414849'}]",,,,2,0,,1,[],,,,,,,,,,,,,,,,,,,,,0,,,,,,,,,https://twitter.com/SneakEnergy/status/1345428865880043520,,,,,,,
1.35E+18,1.35E+18,03/01/2021,sneakenergy,@sammydoo09 Come on ðŸ™ŒðŸ™ŒðŸ™Œ,,,"[{'screen_name': 'sammydoo09', 'name': 'plz_help_meðŸ‡¬ðŸ‡§', 'id': '746966345447841792'}]",,,,2,0,,0,[],,,,,,,,,,,,,,,,,,,,,0,,,,,,,,,https://twitter.com/SneakEnergy/status/1345400422979268609,,,,,,,
1.35E+18,1.35E+18,02/01/2021,sneakenergy,@midgeman @lionheartx10 ðŸ”¥ðŸ”¥ðŸ”¥ðŸ”¥ðŸ”¥,,,"[{'screen_name': 'midgeman', 'name': 'Midgeman', 'id': '3611949791'}, {'screen_name': 'lionheartx10', 'name': 'Lionheartx10', 'id': '603138448'}]",,,,2,0,,0,[],,,,,,,,,,,,,,,,,,,,,0,,,,,,,,,https://twitter.com/SneakEnergy/status/1345389791886647297,,,,,,,
1.35E+18,1.35E+18,02/01/2021,sneakenergy,@GhostWxrlds ðŸ¤ŸðŸ¤ŸðŸ¤ŸðŸ¤Ÿ,,,"[{'screen_name': 'GhostWxrlds', 'name': 'ghost', 'id': '993740092488474624'}]",,,,2,0,,0,[],,,,,,,,,,,,,,,,,,,,,0,,,,,,,,,https://twitter.com/SneakEnergy/status/1345310284605485056,,,,,,,
1.34E+18,1.34E+18,01/01/2021,sneakenergy,"@dwarfxshire Hey, we would not suggest Sneak to anyone who needs to watch their caffeine intake, this includes children (under 16)",,,"[{'screen_name': 'dwarfxshire', 'name': 'Dwarfxshire', 'id': '1246274620006830080'}]",,,,2,0,,0,[],,,,,,,,,,,,,,,,,,,,,0,,,,,,,,,https://twitter.com/SneakEnergy/status/1344938731057405953,,,,,,,
1.34E+18,1.34E+18,01/01/2021,sneakenergy,@SSakura93 No plans to bring them back I'm afraid!,,,"[{'screen_name': 'SSakura93', 'name': 'suteki_sakura93', 'id': '1228322336694317056'}]",,,,2,0,,1,[],,,,,,,,,,,,,,,,,,,,,0,,,,,,,,,https://twitter.com/SneakEnergy/status/1344680630685204480,,,,,,,
1.34E+18,1.34E+18,31/12/2020,sneakenergy,@ReapCiti @zStormP Great choice!,,,"[{'screen_name': 'ReapCiti', 'name': 'Mike Wilson', 'id': '52689120'}, {'screen_name': 'zStormP', 'name': 'Shane', 'id': '2417643428'}]",,,,2,0,,0,[],,,,,,,,,,,,,,,,,,,,,0,,,,,,,,,https://twitter.com/SneakEnergy/status/1344595686709456896,,,,,,,
1.34E+18,1.34E+18,31/12/2020,sneakenergy,@Dendae_u812 How can we disappoint the puppy ðŸ¥º,,,"[{'screen_name': 'Dendae_u812', 'name': 'Ryan Frost', 'id': '488063645'}]",,,,2,0,,0,[],,,,,,,,,,,,,,,,,,,,,0,,,,,,,,,https://twitter.com/SneakEnergy/status/1344368486596943873,,,,,,,
1.34E+18,1.34E+18,31/12/2020,sneakenergy,@veryDaveTTV ðŸ™ŒðŸ™Œ,,,"[{'screen_name': 'veryDaveTTV', 'name': 'veryDave', 'id': '3384712720'}]",,,,2,0,,0,[],,,,,,,,,,,,,,,,,,,,,0,,,,,,,,,https://twitter.com/SneakEnergy/status/1344363254349496320,,,,,,,
1.34E+18,1.34E+18,31/12/2020,sneakenergy,@YouTubeViperMan You got it ðŸ¥¶,,,"[{'screen_name': 'YouTubeViperMan', 'name': 'VIPERMAN', 'id': '1201894142328102915'}]",,,,2,0,,0,[],,,,,,,,,,,,,,,,,,,,,0,,,,,,,,,https://twitter.com/SneakEnergy/status/1344361965079179265,,,,,,,
1.34E+18,1.34E+18,31/12/2020,sneakenergy,@totalllyyLost We should have an update on restriction lift soon ðŸ‘�,,,"[{'screen_name': 'totalllyyLost', 'name': 'TotallyRandom', 'id': '3854099115'}]",,,,2,0,,1,[],,,,,,,,,,,,,,,,,,,,,0,,,,,,,,,https://twitter.com/SneakEnergy/status/1344361923362615298,,,,,,,
1.34E+18,1.34E+18,31/12/2020,sneakenergy,@RemnantUndying Blizzard is here to stay for winter. The hoodie is limited ðŸ‘�,,,"[{'screen_name': 'RemnantUndying', 'name': 'UndyingRemnant', 'id': '1169798826317815808'}]",,,,2,0,,1,[],,,,,,,,,,,,,,,,,,,,,0,,,,,,,,,https://twitter.com/SneakEnergy/status/1344361702347964420,,,,,,,
1.34E+18,1.34E+18,31/12/2020,sneakenergy,@DanFinc62159175 @caspvr Blizzard is a lemonade flavour ðŸ¥¶,,,"[{'screen_name': 'DanFinc62159175', 'name': 'Dan Finch', 'id': '1225910276400308226'}, {'screen_name': 'caspvr', 'name': 'Matthew', 'id': '1251076809241890816'}]",,,,2,0,,0,[],,,,,,,,,,,,,,,,,,,,,0,,,,,,,,,https://twitter.com/SneakEnergy/status/1344361519941824512,,,,,,,
1.34E+18,1.34E+18,31/12/2020,sneakenergy,@ShaydeHDx Or ice â�„ï¸�â�„ï¸�â�„ï¸�,,,"[{'screen_name': 'ShaydeHDx', 'name': 'Shayde â�„ï¸�', 'id': '536319110'}]",,,,2,0,,0,[],,,,,,,,,,,,,,,,,,,,,0,,,,,,,,,https://twitter.com/SneakEnergy/status/1344361008916213767,,,,,,,
1.34E+18,1.34E+18,30/12/2020,sneakenergy,@KatticusTV ðŸ”¥ ðŸ”¥ ðŸ”¥,,,"[{'screen_name': 'KatticusTV', 'name': 'ð�™ºð�šŠð�š�ð�š�', 'id': '844673565064675328'}]",,,,2,0,,0,[],,,,,,,,,,,,,,,,,,,,,0,,,,,,,,,https://twitter.com/SneakEnergy/status/1344310989181906944,,,,,,,
1.34E+18,1.34E+18,30/12/2020,sneakenergy,"@DaRealSonicmalo They're seasonal, more info to come soon!",,,"[{'screen_name': 'DaRealSonicmalo', 'name': 'Sonicmalo', 'id': '791358558872997889'}]",,,,2,0,,0,[],,,,,,,,,,,,,,,,,,,,,0,,,,,,,,,https://twitter.com/SneakEnergy/status/1344237058643079172,,,,,,,
1.34E+18,1.34E+18,30/12/2020,sneakenergy,@AshMegzGG Thatâ€™s a fact ðŸ˜€,,,"[{'screen_name': 'AshMegzGG', 'name': 'ð��€ð��¬ð��¡ð��Œð��žð��\xa0ð��³ ðŸŽ„ðŸŽ…', 'id': '1219724784277381121'}]",,,,2,0,,0,[],,,,,,,,,,,,,,,,,,,,,0,,,,,,,,,https://twitter.com/SneakEnergy/status/1344003021731205121,,,,,,,
1.34E+18,1.34E+18,30/12/2020,sneakenergy,@thejasonfeng @NotKeli ðŸ¤ŸðŸ¤ŸðŸ¤Ÿ,,,"[{'screen_name': 'thejasonfeng', 'name': 'Jason Feng', 'id': '1327072073055920135'}, {'screen_name': 'NotKeli', 'name': 'Not Keli', 'id': '258522628'}]",,,,2,0,,0,[],,,,,,,,,,,,,,,,,,,,,0,,,,,,,,,https://twitter.com/SneakEnergy/status/1343996957270945796,,,,,,,
1.34E+18,1.34E+18,30/12/2020,sneakenergy,@singlemingle201 ðŸ¤ŸðŸ¤ŸðŸ¤Ÿ,,,"[{'screen_name': 'singlemingle201', 'name': 'singlemingle20', 'id': '1336475712698654724'}]",,,,2,0,,0,[],,,,,,,,,,,,,,,,,,,,,0,,,,,,,,,https://twitter.com/SneakEnergy/status/1343996823950798848,,,,,,,
1.34E+18,1.34E+18,29/12/2020,sneakenergy,@mrWESTgg @WajaTheHAT ðŸ‘€ðŸ‘€ðŸ‘€,,,"[{'screen_name': 'mrWESTgg', 'name': 'á´¡ á´‡ s á´› è¥¿', 'id': '1189776056028409861'}, {'screen_name': 'WajaTheHAT', 'name': 'Waja', 'id': '754049084210675712'}]",,,,2,0,,1,[],,,,,,,,,,,,,,,,,,,,,0,,,,,,,,,https://twitter.com/SneakEnergy/status/1343907152717631488,,,,,,,
1.34E+18,1.34E+18,29/12/2020,sneakenergy,@mrWESTgg @WajaTheHAT Hello âœŒï¸�,,,"[{'screen_name': 'mrWESTgg', 'name': 'á´¡ á´‡ s á´› è¥¿', 'id': '1189776056028409861'}, {'screen_name': 'WajaTheHAT', 'name': 'Waja', 'id': '754049084210675712'}]",,,,2,0,,1,[],,,,,,,,,,,,,,,,,,,,,0,,,,,,,,,https://twitter.com/SneakEnergy/status/1343864217112338432,,,,,,,
1.34E+18,1.34E+18,29/12/2020,sneakenergy,@shox_dzn @Opnex_Gaming Blizzard has a lemonade taste ðŸ¤Ÿ,,,"[{'screen_name': 'shox_dzn', 'name': 'ShoxRL', 'id': '1339262025910939653'}, {'screen_name': 'Opnex_Gaming', 'name': 'Opnex', 'id': '1117485247556399106'}]",,,,2,0,,2,[],,,,,,,,,,,,,,,,,,,,,0,,,,,,,,,https://twitter.com/SneakEnergy/status/1343636699100958731,,,,,,,
1.34E+18,1.34E+18,29/12/2020,sneakenergy,@GeoJackHD Love to see that ðŸ‘€,,,"[{'screen_name': 'GeoJackHD', 'name': 'OMEN | GEOJACKHD', 'id': '2711892422'}]",,,,2,0,,1,[],,,,,,,,,,,,,,,,,,,,,0,,,,,,,,,https://twitter.com/SneakEnergy/status/1343636608759771140,,,,,,,
1.34E+18,1.34E+18,29/12/2020,sneakenergy,@ThePlantCafe_ Blizzard has a lemonade taste ðŸ¤Ÿ,,,"[{'screen_name': 'ThePlantCafe_', 'name': 'Millzâ€™s Safe Space', 'id': '1265644243617492992'}]",,,,2,0,,1,[],,,,,,,,,,,,,,,,,,,,,0,,,,,,,,,https://twitter.com/SneakEnergy/status/1343636520180310026,,,,,,,
1.34E+18,1.34E+18,28/12/2020,sneakenergy,@LatestFuels @TheRogueEnergy @GFuelEnergy @TeamCommandGG @naudrinks @GhostLifestyle @GamerSupps Sneak of course ðŸ¤·ðŸ�»â€�â™‚ï¸�,,,"[{'screen_name': 'LatestFuels', 'name': 'Latest Fuels', 'id': '869097082224873472'}, {'screen_name': 'TheRogueEnergy', 'name': 'Rogue Energy', 'id': '828707960276779013'}, {'screen_name': 'GFuelEnergy', 'name': 'G FUELÂ®', 'id': '1206216140'}, {'screen_name': 'TeamCommandGG', 'name': 'COMMAND', 'id': '1290649226741977089'}, {'screen_name': 'naudrinks', 'name': 'NAU Drinks', 'id': '761539263741722624'}, {'screen_name': 'GhostLifestyle', 'name': 'GHOST', 'id': '3420117072'}, {'screen_name': 'GamerSupps', 'name': 'Gamer SuppsÂ®', 'id': '4902531653'}]",,,,2,0,,1,[],,,,,,,,,,,,,,,,,,,,,0,,,,,,,,,https://twitter.com/SneakEnergy/status/1343570307139981313,,,,,,,
1.34E+18,1.34E+18,28/12/2020,sneakenergy,@ReapCiti @zStormP Epic!!!,,,"[{'screen_name': 'ReapCiti', 'name': 'Mike Wilson', 'id': '52689120'}, {'screen_name': 'zStormP', 'name': 'Shane', 'id': '2417643428'}]",,,,2,0,,1,[],,,,,,,,,,,,,,,,,,,,,0,,,,,,,,,https://twitter.com/SneakEnergy/status/1343457063465267201,,,,,,,
1.34E+18,1.34E+18,28/12/2020,sneakenergy,@AngrySpexican @harleyxngel Agreed ðŸ˜Ž,,,"[{'screen_name': 'AngrySpexican', 'name': 'Angry Spexican', 'id': '71991619'}, {'screen_name': 'harleyxngel', 'name': 'harls â™¡', 'id': '832981465'}]",,,,2,0,,0,[],,,,,,,,,,,,,,,,,,,,,0,,,,,,,,,https://twitter.com/SneakEnergy/status/1343456878873997313,,,,,,,
1.35E+18,1.35E+18,08/01/2021,sneakenergy,@Emrysplays @CptjuicyTV Hey! The UK isn't in the EU anymore - UK Blizzard launch will go ahead as planned!,,,"[{'screen_name': 'Emrysplays', 'name': 'Emrysplaysâœ¨', 'id': '43358373'}, {'screen_name': 'CptjuicyTV', 'name': 'CptJuicy', 'id': '47735911'}]",,,,1,0,,1,[],,,,,,,,,,,,,,,,,,,,,0,,,,,,,,,https://twitter.com/SneakEnergy/status/1347500307262140417,,,,,,,
1.35E+18,1.35E+18,08/01/2021,sneakenergy,@PayZet Unfortunately it does. It should be lifted soon ðŸ¤Ÿ,,,"[{'screen_name': 'PayZet', 'name': 'PayZet', 'id': '2211500959'}]",,,,1,0,,0,[],,,,,,,,,,,,,,,,,,,,,0,,,,,,,,,https://twitter.com/SneakEnergy/status/1347254901827641351,,,,,,,
1.35E+18,1.35E+18,08/01/2021,sneakenergy,@EtherealLasagna @imLogan_ @flashbachphotos Yes it is ðŸ¤Ÿ,,,"[{'screen_name': 'EtherealLasagna', 'name': 'Shaun', 'id': '1326634912120778753'}, {'screen_name': 'imLogan_', 'name': 'Logan (zefyr)', 'id': '1465210327'}, {'screen_name': 'flashbachphotos', 'name': 'Bach Nguyen', 'id': '935648610267684864'}]",,,,1,0,,0,[],,,,,,,,,,,,,,,,,,,,,0,,,,,,,,,https://twitter.com/SneakEnergy/status/1347254245649756160,,,,,,,
1.35E+18,1.35E+18,07/01/2021,sneakenergy,@JustBdan Not until tomorrow!,,,"[{'screen_name': 'JustBdan', 'name': 'Bdan', 'id': '1258763102184787968'}]",,,,1,0,,0,[],,,,,,,,,,,,,,,,,,,,,0,,,,,,,,,https://twitter.com/SneakEnergy/status/1347160130534699009,,,,,,,
1.35E+18,1.35E+18,06/01/2021,sneakenergy,@Duckie_Gaming ðŸ”¥ðŸ”¥ðŸ”¥,,,"[{'screen_name': 'Duckie_Gaming', 'name': 'Duckie Gee', 'id': '1683275454'}]",,,,1,0,,0,[],,,,,,,,,,,,,,,,,,,,,0,,,,,,,,,https://twitter.com/SneakEnergy/status/1346525063097556992,,,,,,,
1.35E+18,1.35E+18,06/01/2021,sneakenergy,@PatrickShaw1982 Ooo but whatâ€™s inside ðŸ‘€,,,"[{'screen_name': 'PatrickShaw1982', 'name': 'Patrick Shaw ðŸŽ·', 'id': '958024554'}]",,,,1,0,,1,[],,,,,,,,,,,,,,,,,,,,,0,,,,,,,,,https://twitter.com/SneakEnergy/status/1346524941093634050,,,,,,,
1.35E+18,1.35E+18,06/01/2021,sneakenergy,@i_Lawx Yes!!,,,"[{'screen_name': 'i_Lawx', 'name': 'LawXiusðŸ’šðŸ–¤#TF5', 'id': '3234515476'}]",,,,1,0,,0,[],,,,,,,,,,,,,,,,,,,,,0,,,,,,,,,https://twitter.com/SneakEnergy/status/1346524692392382466,,,,,,,
1.35E+18,1.35E+18,05/01/2021,sneakenergy,@TheNathanLewis Itâ€™s a lemonade flavour ðŸ¤Ÿ,,,"[{'screen_name': 'TheNathanLewis', 'name': 'Nath Lewis', 'id': '43544673'}]",,,,1,0,,1,[],,,,,,,,,,,,,,,,,,,,,0,,,,,,,,,https://twitter.com/SneakEnergy/status/1346163379564650501,,,,,,,
1.35E+18,1.35E+18,05/01/2021,sneakenergy,@SmittenNewt Elite for sure ðŸ¤ŸðŸ¤Ÿ,,,"[{'screen_name': 'SmittenNewt', 'name': 'SmittenNewt', 'id': '1061537999194910725'}]",,,,1,0,,0,[],,,,,,,,,,,,,,,,,,,,,0,,,,,,,,,https://twitter.com/SneakEnergy/status/1346163307716206597,,,,,,,
1.35E+18,1.35E+18,05/01/2021,sneakenergy,@Geek_Havoc Wrap up warm ðŸ¥¶ðŸ¥¶,,,"[{'screen_name': 'Geek_Havoc', 'name': 'Rhys', 'id': '1042506925768884224'}]",,,,1,0,,1,[],,,,,,,,,,,,,,,,,,,,,0,,,,,,,,,https://twitter.com/SneakEnergy/status/1346163229253373952,,,,,,,
1.35E+18,1.35E+18,04/01/2021,sneakenergy,@SamTheSeeker13 Appreciate that Sam! ðŸ™Œ,,,"[{'screen_name': 'SamTheSeeker13', 'name': 'SamTheSeeker', 'id': '1301730586495725568'}]",,,,1,0,,0,[],,,,,,,,,,,,,,,,,,,,,0,,,,,,,,,https://twitter.com/SneakEnergy/status/1346023307108360192,,,,,,,
1.35E+18,1.35E+18,04/01/2021,sneakenergy,@Jonpenn101 So glad you like it ðŸ˜ƒ,,,"[{'screen_name': 'Jonpenn101', 'name': 'Jon Penn', 'id': '4201553356'}]",,,,1,0,,0,[],,,,,,,,,,,,,,,,,,,,,0,,,,,,,,,https://twitter.com/SneakEnergy/status/1345794081599975424,,,,,,,
1.35E+18,1.35E+18,04/01/2021,sneakenergy,@Jonpenn101 Enjoy ðŸ˜�ðŸ˜�,,,"[{'screen_name': 'Jonpenn101', 'name': 'Jon Penn', 'id': '4201553356'}]",,,,1,0,,1,[],,,,,,,,,,,,,,,,,,,,,0,,,,,,,,,https://twitter.com/SneakEnergy/status/1345767237106466816,,,,,,,
1.35E+18,1.35E+18,03/01/2021,sneakenergy,@Quirkiee_ Not long now â�„ï¸�â�„ï¸�â�„ï¸�,,,"[{'screen_name': 'Quirkiee_', 'name': 'Quirkiee', 'id': '1103128314217222144'}]",,,,1,0,,0,[],,,,,,,,,,,,,,,,,,,,,0,,,,,,,,,https://twitter.com/SneakEnergy/status/1345733125691863040,,,,,,,
1.35E+18,1.35E+18,03/01/2021,sneakenergy,@SaltKing_YT I will put your request to our product team ðŸ¤Ÿ,,,"[{'screen_name': 'SaltKing_YT', 'name': 'SaltKing ðŸ§‚', 'id': '2806603630'}]",,,,1,0,,1,[],,,,,,,,,,,,,,,,,,,,,0,,,,,,,,,https://twitter.com/SneakEnergy/status/1345733018418352129,,,,,,,
1.35E+18,1.35E+18,03/01/2021,sneakenergy,@EbonixSims ðŸ¥¶ðŸ¥¶ðŸ¥¶,,,"[{'screen_name': 'EbonixSims', 'name': 'Â° ð�”¼ð�”¹ð�•†â„•ð�•€ð�•� Â° #ðŸ„´ðŸ„½ðŸ„³ðŸ…‚ðŸ„°ðŸ…�ðŸ…‚ ðŸ‡³ðŸ‡¬ Â°', 'id': '61768116'}]",,,,1,0,,0,[],,,,,,,,,,,,,,,,,,,,,0,,,,,,,,,https://twitter.com/SneakEnergy/status/1345731805941538817,,,,,,,
1.35E+18,1.35E+18,03/01/2021,sneakenergy,@champiast And? What did you think? ðŸ‘€,,,"[{'screen_name': 'champiast', 'name': 'Moj', 'id': '1062843799855095808'}]",,,,1,0,,2,[],,,,,,,,,,,,,,,,,,,,,0,,,,,,,,,https://twitter.com/SneakEnergy/status/1345666031390511104,,,,,,,
1.35E+18,1.35E+18,03/01/2021,sneakenergy,@TrinityBruns Agreed!!!,,,"[{'screen_name': 'TrinityBruns', 'name': 'Trinity Bruns', 'id': '3001854262'}]",,,,1,0,,1,[],,,,,,,,,,,,,,,,,,,,,0,,,,,,,,,https://twitter.com/SneakEnergy/status/1345665853086425088,,,,,,,
1.35E+18,1.35E+18,03/01/2021,sneakenergy,@TraePlaysGames ðŸ¥¶ðŸ¥¶ðŸ¥¶,,,"[{'screen_name': 'TraePlaysGames', 'name': 'TraePlaysGames', 'id': '41275601'}]",,,,1,0,,0,[],,,,,,,,,,,,,,,,,,,,,0,,,,,,,,,https://twitter.com/SneakEnergy/status/1345665749273210881,,,,,,,
1.35E+18,1.35E+18,03/01/2021,sneakenergy,@LoganUrie19 ðŸ˜ŽðŸ˜ŽðŸ˜Ž,,,"[{'screen_name': 'LoganUrie19', 'name': 'KzN LoganUrie19ðŸŒ¸', 'id': '1081939762414567424'}]",,,,1,0,,0,[],,,,,,,,,,,,,,,,,,,,,0,,,,,,,,,https://twitter.com/SneakEnergy/status/1345665593421291522,,,,,,,
1.35E+18,1.34E+18,03/01/2021,sneakenergy,@MeanGeneTV @d Go for it ðŸ¤ŸðŸ¤Ÿ,,,"[{'screen_name': 'MeanGeneTV', 'name': 'Gene', 'id': '926230939654590465'}, {'screen_name': 'd', 'name': 'd', 'id': '3246146162'}]",,,,1,0,,0,[],,,,,,,,,,,,,,,,,,,,,0,,,,,,,,,https://twitter.com/SneakEnergy/status/1345665300675616770,,,,,,,
1.35E+18,1.35E+18,03/01/2021,sneakenergy,@AndrewSmith_YT Canâ€™t wait for that ðŸ™Œ,,,"[{'screen_name': 'AndrewSmith_YT', 'name': 'Andrew', 'id': '4123387823'}]",,,,1,0,,1,[],,,,,,,,,,,,,,,,,,,,,0,,,,,,,,,https://twitter.com/SneakEnergy/status/1345451191862489097,,,,,,,
1.35E+18,1.35E+18,03/01/2021,sneakenergy,@cammyladd_ Amazing! Canâ€™t wait to hear what you think ðŸ˜ƒ,,,"[{'screen_name': 'cammyladd_', 'name': 'Cammyladd', 'id': '1260493490527535112'}]",,,,1,0,,1,[],,,,,,,,,,,,,,,,,,,,,0,,,,,,,,,https://twitter.com/SneakEnergy/status/1345450937775755264,,,,,,,
1.35E+18,1.35E+18,03/01/2021,sneakenergy,@DoxxyClean We will release a time nearer to launch date ðŸ¥¶,,,"[{'screen_name': 'DoxxyClean', 'name': 'GraveDoxxy #SithRC', 'id': '3151865189'}]",,,,1,0,,0,[],,,,,,,,,,,,,,,,,,,,,0,,,,,,,,,https://twitter.com/SneakEnergy/status/1345450860164296705,,,,,,,
1.35E+18,1.35E+18,03/01/2021,sneakenergy,@gcbplays We will let you know closer to the launch date ðŸ¤Ÿ,,,"[{'screen_name': 'gcbplays', 'name': 'GCB (George)', 'id': '761891036293689344'}]",,,,1,0,,0,[],,,,,,,,,,,,,,,,,,,,,0,,,,,,,,,https://twitter.com/SneakEnergy/status/1345450765150793730,,,,,,,
1.35E+18,1.23E+18,03/01/2021,sneakenergy,@MiriamYukij Hopefully the restrictions will be lifted soon ðŸ™Œ,,,"[{'screen_name': 'MiriamYukij', 'name': 'Miriam Sushi', 'id': '358748560'}]",,,,1,0,,0,[],,,,,,,,,,,,,,,,,,,,,0,,,,,,,,,https://twitter.com/SneakEnergy/status/1345428932275957763,,,,,,,
1.35E+18,1.35E+18,03/01/2021,sneakenergy,@inuonigami ðŸ”¥ðŸ”¥ðŸ”¥,,,"[{'screen_name': 'inuonigami', 'name': 'InuOniGami', 'id': '1284577247324704776'}]",,,,1,0,,0,[],,,,,,,,,,,,,,,,,,,,,0,,,,,,,,,https://twitter.com/SneakEnergy/status/1345428752768053251,,,,,,,
1.35E+18,1.35E+18,03/01/2021,sneakenergy,@nukenotice ðŸ”¥ðŸ”¥ðŸ”¥ðŸ”¥,,,"[{'screen_name': 'nukenotice', 'name': 'Nukenotice', 'id': '1134368575727255552'}]",,,,1,0,,0,[],,,,,,,,,,,,,,,,,,,,,0,,,,,,,,,https://twitter.com/SneakEnergy/status/1345400264392646666,,,,,,,
1.35E+18,1.35E+18,03/01/2021,sneakenergy,@PolarkPS4 Enjoy ðŸ™ŒðŸ™ŒðŸ™Œ,,,"[{'screen_name': 'PolarkPS4', 'name': 'Polark', 'id': '1315320417750523907'}]",,,,1,0,,0,[],,,,,,,,,,,,,,,,,,,,,0,,,,,,,,,https://twitter.com/SneakEnergy/status/1345400210730659841,,,,,,,
1.35E+18,1.35E+18,02/01/2021,sneakenergy,@JRobinsonReed Big up yourself back ðŸ™Œ,,,"[{'screen_name': 'JRobinsonReed', 'name': 'RobinsonReed', 'id': '1240657812839153665'}]",,,,1,0,,0,[],,,,,,,,,,,,,,,,,,,,,0,,,,,,,,,https://twitter.com/SneakEnergy/status/1345389859918258180,,,,,,,
1.35E+18,1.35E+18,02/01/2021,sneakenergy,@JazNiff ðŸ‘€ðŸ‘€,,,"[{'screen_name': 'JazNiff', 'name': 'â’½â’¼â“Šâ“€ || JazNIFF', 'id': '1218280092339703810'}]",,,,1,0,,0,[],,,,,,,,,,,,,,,,,,,,,0,,,,,,,,,https://twitter.com/SneakEnergy/status/1345351799679692800,,,,,,,
1.35E+18,1.35E+18,02/01/2021,sneakenergy,@emilyball450 Canâ€™t wait to hear what you think ðŸ‘�,,,"[{'screen_name': 'emilyball450', 'name': 'Emily', 'id': '2943931011'}]",,,,1,0,,1,[],,,,,,,,,,,,,,,,,,,,,0,,,,,,,,,https://twitter.com/SneakEnergy/status/1345310211096141824,,,,,,,
1.35E+18,1.35E+18,02/01/2021,sneakenergy,@JazNiff â�„ï¸�â�„ï¸�â�„ï¸�â�„ï¸�,,,"[{'screen_name': 'JazNiff', 'name': 'JazNIFF', 'id': '1218280092339703810'}]",,,,1,0,,1,[],,,,,,,,,,,,,,,,,,,,,0,,,,,,,,,https://twitter.com/SneakEnergy/status/1345309911702499329,,,,,,,
1.35E+18,1.35E+18,02/01/2021,sneakenergy,@STEPHEN89HESLOP Hopefully they will be restocked at some point ðŸ™Œ,,,"[{'screen_name': 'STEPHEN89HESLOP', 'name': 'Stephen Heslop', 'id': '39999111'}]",,,,1,0,,0,[],,,,,,,,,,,,,,,,,,,,,0,,,,,,,,,https://twitter.com/SneakEnergy/status/1345092241199607809,,,,,,,
1.35E+18,1.35E+18,01/01/2021,sneakenergy,"@Revassin Hey, currently we cannot ship to Europe due to France closing their border with the UK. This border has now reopened, but we have yet to receive confirmation from our courier on when they will resume European shipping.",,,"[{'screen_name': 'Revassin', 'name': 'Revassin', 'id': '83729146'}]",,,,1,0,,1,[],,,,,,,,,,,,,,,,,,,,,0,,,,,,,,,https://twitter.com/SneakEnergy/status/1345030921314050050,,,,,,,
1.35E+18,1.34E+18,01/01/2021,sneakenergy,@TonyViper13 Of course :) but dont just take our word for it! Check out the reviews on the site.,,,"[{'screen_name': 'TonyViper13', 'name': 'Tony ðŸ�� #LGviper', 'id': '937784827927031808'}]",,,,1,0,,1,[],,,,,,,,,,,,,,,,,,,,,0,,,,,,,,,https://twitter.com/SneakEnergy/status/1345029376304422916,,,,,,,
1.34E+18,1.34E+18,01/01/2021,sneakenergy,@natehwrd15 ðŸ”¥ðŸ”¥ðŸ”¥,,,"[{'screen_name': 'natehwrd15', 'name': 'Nate HwUwUrd', 'id': '3256961527'}]",,,,1,0,,0,[],,,,,,,,,,,,,,,,,,,,,0,,,,,,,,,https://twitter.com/SneakEnergy/status/1344730547092860929,,,,,,,
1.34E+18,1.34E+18,01/01/2021,sneakenergy,@Ryan8226 Oooooo I need results ðŸ‘€,,,"[{'screen_name': 'Ryan8226', 'name': 'Ryan Mc Aleer', 'id': '248386169'}]",,,,1,0,,0,[],,,,,,,,,,,,,,,,,,,,,0,,,,,,,,,https://twitter.com/SneakEnergy/status/1344699122687897601,,,,,,,
1.34E+18,1.34E+18,01/01/2021,sneakenergy,@_amberfreya_ Set the year off right âœŒï¸�,,,"[{'screen_name': '_amberfreya_', 'name': 'á´€á´�Ê™á´‡Ê€ ðŸŽ® Spiderman - Miles Morales', 'id': '514248005'}]",,,,1,0,,0,[],,,,,,,,,,,,,,,,,,,,,0,,,,,,,,,https://twitter.com/SneakEnergy/status/1344698872371802114,,,,,,,
1.34E+18,1.34E+18,01/01/2021,sneakenergy,@MySandwichesUK It's seasonally limited. But it's going to sell quick!,,,"[{'screen_name': 'MySandwichesUK', 'name': 'ðŸ§�', 'id': '391235880'}]",,,,1,0,,0,[],,,,,,,,,,,,,,,,,,,,,0,,,,,,,,,https://twitter.com/SneakEnergy/status/1344680723723251715,,,,,,,
1.34E+18,1.34E+18,01/01/2021,sneakenergy,@MisterWillisGG ðŸ™ŒðŸ™ŒðŸ™Œ,,,"[{'screen_name': 'MisterWillisGG', 'name': 'MisterWillis', 'id': '216800132'}]",,,,1,0,,0,[],,,,,,,,,,,,,,,,,,,,,0,,,,,,,,,https://twitter.com/SneakEnergy/status/1344680178501496832,,,,,,,
1.34E+18,1.34E+18,31/12/2020,sneakenergy,@MySandwichesUK Blizzard is lemonade ish if that counts?,,,"[{'screen_name': 'MySandwichesUK', 'name': 'ðŸ§�', 'id': '391235880'}]",,,,1,0,,1,[],,,,,,,,,,,,,,,,,,,,,0,,,,,,,,,https://twitter.com/SneakEnergy/status/1344605892684214274,,,,,,,
1.34E+18,1.34E+18,31/12/2020,sneakenergy,@nukenotice ðŸ‘€,,,"[{'screen_name': 'nukenotice', 'name': 'Nukenotice', 'id': '1134368575727255552'}]",,,,1,0,,1,[],,,,,,,,,,,,,,,,,,,,,0,,,,,,,,,https://twitter.com/SneakEnergy/status/1344602514415611907,,,,,,,
1.34E+18,1.34E+18,31/12/2020,sneakenergy,@jonss_w More info to come soon!,,,"[{'screen_name': 'jonss_w', 'name': 'WJones', 'id': '1153022842725982210'}]",,,,1,0,,0,[],,,,,,,,,,,,,,,,,,,,,0,,,,,,,,,https://twitter.com/SneakEnergy/status/1344602279098331137,,,,,,,
1.34E+18,1.34E+18,31/12/2020,sneakenergy,@natehwrd15 ðŸ™ŒðŸ™ŒðŸ™Œ,,,"[{'screen_name': 'natehwrd15', 'name': 'Nate HwUwUrd', 'id': '3256961527'}]",,,,1,0,,0,[],,,,,,,,,,,,,,,,,,,,,0,,,,,,,,,https://twitter.com/SneakEnergy/status/1344600647602208768,,,,,,,
1.34E+18,1.34E+18,31/12/2020,sneakenergy,@Toxicgamergirl_ Yes!!! ðŸ™Œ,,,"[{'screen_name': 'Toxicgamergirl_', 'name': '|| Candy Cane || Cas Candy || Pretzel Girl ||', 'id': '430026327'}]",,,,1,0,,0,[],,,,,,,,,,,,,,,,,,,,,0,,,,,,,,,https://twitter.com/SneakEnergy/status/1344599304019783685,,,,,,,
1.34E+18,1.34E+18,31/12/2020,sneakenergy,@Ramsey_Wannabe ðŸ™ŒðŸ™ŒðŸ™Œ,,,"[{'screen_name': 'Ramsey_Wannabe', 'name': 'Matt Jopling', 'id': '58942755'}]",,,,1,0,,0,[],,,,,,,,,,,,,,,,,,,,,0,,,,,,,,,https://twitter.com/SneakEnergy/status/1344598415079047168,,,,,,,
1.34E+18,1.34E+18,31/12/2020,sneakenergy,@LensEffect_ ðŸ™ŒðŸ™ŒðŸ™Œ,,,"[{'screen_name': 'LensEffect_', 'name': 'Steven', 'id': '1431978871'}]",,,,1,0,,0,[],,,,,,,,,,,,,,,,,,,,,0,,,,,,,,,https://twitter.com/SneakEnergy/status/1344595342424207360,,,,,,,
1.34E+18,1.34E+18,31/12/2020,sneakenergy,@RemnantUndying The hoodies are limited,,,"[{'screen_name': 'RemnantUndying', 'name': 'UndyingRemnant', 'id': '1169798826317815808'}]",,,,1,0,,0,[],,,,,,,,,,,,,,,,,,,,,0,,,,,,,,,https://twitter.com/SneakEnergy/status/1344368738460721156,,,,,,,
1.34E+18,1.34E+18,31/12/2020,sneakenergy,@Ramsey_Wannabe Not long to go ðŸ˜Ž,,,"[{'screen_name': 'Ramsey_Wannabe', 'name': 'Matt Jopling', 'id': '58942755'}]",,,,1,0,,0,[],,,,,,,,,,,,,,,,,,,,,0,,,,,,,,,https://twitter.com/SneakEnergy/status/1344368345286651905,,,,,,,
1.34E+18,1.34E+18,31/12/2020,sneakenergy,@RemnantUndying These are limited blizzard hoodies,,,"[{'screen_name': 'RemnantUndying', 'name': 'UndyingRemnant', 'id': '1169798826317815808'}]",,,,1,0,,0,[],,,,,,,,,,,,,,,,,,,,,0,,,,,,,,,https://twitter.com/SneakEnergy/status/1344363443248365570,,,,,,,
1.34E+18,1.34E+18,31/12/2020,sneakenergy,@ImPickleWolf ðŸ˜‚ðŸ˜‚ðŸ˜‚,,,"[{'screen_name': 'ImPickleWolf', 'name': 'ðŸ¥’PickledWolfðŸ¥’', 'id': '1140508817882603520'}]",,,,1,0,,0,[],,,,,,,,,,,,,,,,,,,,,0,,,,,,,,,https://twitter.com/SneakEnergy/status/1344363290135306240,,,,,,,
1.34E+18,1.34E+18,31/12/2020,sneakenergy,@Drayle88 Iâ€™ll put it to our product team for you ðŸ¤Ÿ,,,"[{'screen_name': 'Drayle88', 'name': 'Coffee Wordlock', 'id': '372027835'}]",,,,1,0,,1,[],,,,,,,,,,,,,,,,,,,,,0,,,,,,,,,https://twitter.com/SneakEnergy/status/1344362650743009280,,,,,,,
1.34E+18,1.34E+18,31/12/2020,sneakenergy,@NikSKDMR And what a gift it is ðŸ˜Ž,,,"[{'screen_name': 'NikSKDMR', 'name': 'Nik.', 'id': '98023348'}]",,,,1,0,,0,[],,,,,,,,,,,,,,,,,,,,,0,,,,,,,,,https://twitter.com/SneakEnergy/status/1344362585597104129,,,,,,,
1.34E+18,1.34E+18,31/12/2020,sneakenergy,@i_Lawx Amazing selection ðŸ”¥ðŸ”¥ðŸ”¥,,,"[{'screen_name': 'i_Lawx', 'name': 'LawXiusðŸ’šðŸ–¤#TF5', 'id': '3234515476'}]",,,,1,0,,0,[],,,,,,,,,,,,,,,,,,,,,0,,,,,,,,,https://twitter.com/SneakEnergy/status/1344361841301086215,,,,,,,
1.34E+18,1.34E+18,31/12/2020,sneakenergy,@H0llyw00d_TV ðŸ™ŒðŸ™Œ,,,"[{'screen_name': 'H0llyw00d_TV', 'name': 'H0llyw00d', 'id': '1292228677502197760'}]",,,,1,0,,0,[],,,,,,,,,,,,,,,,,,,,,0,,,,,,,,,https://twitter.com/SneakEnergy/status/1344361765514186760,,,,,,,
1.34E+18,1.34E+18,31/12/2020,sneakenergy,@brandongMUFC ðŸ™ŒðŸ™Œ,,,"[{'screen_name': 'brandongMUFC', 'name': 'Psycho', 'id': '528566400'}]",,,,1,0,,0,[],,,,,,,,,,,,,,,,,,,,,0,,,,,,,,,https://twitter.com/SneakEnergy/status/1344361211698286592,,,,,,,
1.34E+18,1.34E+18,31/12/2020,sneakenergy,@joao_cnh ðŸ™ŒðŸ™Œ,,,"[{'screen_name': 'joao_cnh', 'name': 'Lokuzt', 'id': '825779432933695488'}]",,,,1,0,,0,[],,,,,,,,,,,,,,,,,,,,,0,,,,,,,,,https://twitter.com/SneakEnergy/status/1344342193016868869,,,,,,,
1.34E+18,1.34E+18,30/12/2020,sneakenergy,"@woreztv Same icy flavour, different tub/shaker design â�„ï¸�",,,"[{'screen_name': 'woreztv', 'name': 'A Worez Wonderland', 'id': '1407915234'}]",,,,1,0,,1,[],,,,,,,,,,,,,,,,,,,,,0,,,,,,,,,https://twitter.com/SneakEnergy/status/1344311473900810241,,,,,,,
1.34E+18,1.34E+18,30/12/2020,sneakenergy,@crankthatfranke Nice!!!!,,,"[{'screen_name': 'crankthatfranke', 'name': 'Lucas', 'id': '1127509504411750400'}]",,,,1,0,,0,[],,,,,,,,,,,,,,,,,,,,,0,,,,,,,,,https://twitter.com/SneakEnergy/status/1344310905107079169,,,,,,,
1.34E+18,1.34E+18,30/12/2020,sneakenergy,@Paul2707_ ðŸ‘€ðŸ‘€ðŸ‘€,,,"[{'screen_name': 'Paul2707_', 'name': 'Paul2707', 'id': '3060177340'}]",,,,1,0,,0,[],,,,,,,,,,,,,,,,,,,,,0,,,,,,,,,https://twitter.com/SneakEnergy/status/1344247094287224832,,,,,,,
1.34E+18,1.34E+18,30/12/2020,sneakenergy,@_north_light_ Seasonal ðŸ‘�,,,"[{'screen_name': '_north_light_', 'name': 'Northern_light', 'id': '1279683167402831872'}]",,,,1,0,,0,[],,,,,,,,,,,,,,,,,,,,,0,,,,,,,,,https://twitter.com/SneakEnergy/status/1344237695397203968,,,,,,,
1.34E+18,1.34E+18,30/12/2020,sneakenergy,@NotReverseFlash @B_Rodriguez36 You made the right choice don't worry ðŸ˜Ž,,,"[{'screen_name': 'NotReverseFlash', 'name': 'Jenna sais quoi', 'id': '267825711'}, {'screen_name': 'B_Rodriguez36', 'name': 'Crayyzi', 'id': '2295932493'}]",,,,1,0,,1,[],,,,,,,,,,,,,,,,,,,,,0,,,,,,,,,https://twitter.com/SneakEnergy/status/1344237541550075904,,,,,,,
1.34E+18,1.34E+18,30/12/2020,sneakenergy,@LeJaddo @AnotherCrumpet @ShaydeHDx ðŸ”¥ðŸ”¥ðŸ”¥,,,"[{'screen_name': 'LeJaddo', 'name': 'J ðŸ¥µ', 'id': '990701012326539264'}, {'screen_name': 'AnotherCrumpet', 'name': '517 | BigBritishCrumpet', 'id': '1095679177074851840'}, {'screen_name': 'ShaydeHDx', 'name': 'Shayde â�„ï¸�', 'id': '536319110'}]",,,,1,0,,0,[],,,,,,,,,,,,,,,,,,,,,0,,,,,,,,,https://twitter.com/SneakEnergy/status/1344236644568805376,,,,,,,
1.34E+18,1.34E+18,30/12/2020,sneakenergy,@xGH0STWEEBx â�„ï¸�â�„ï¸�â�„ï¸�,,,"[{'screen_name': 'xGH0STWEEBx', 'name': 'â˜¢ï¸�Martinâ˜¢ï¸�â˜£ï¸�', 'id': '296261247'}]",,,,1,0,,0,[],,,,,,,,,,,,,,,,,,,,,0,,,,,,,,,https://twitter.com/SneakEnergy/status/1344000854999887878,,,,,,,
1.34E+18,1.34E+18,30/12/2020,sneakenergy,@SaiyanTimeLord8 Thatâ€™s for sure ðŸ¤™,,,"[{'screen_name': 'SaiyanTimeLord8', 'name': 'Graham Billson', 'id': '2743709584'}]",,,,1,0,,0,[],,,,,,,,,,,,,,,,,,,,,0,,,,,,,,,https://twitter.com/SneakEnergy/status/1344000208892530689,,,,,,,
1.34E+18,1.34E+18,30/12/2020,sneakenergy,@CJ_verse Always room for one more ðŸ˜Ž,,,"[{'screen_name': 'CJ_verse', 'name': 'CJ', 'id': '1267397813928935424'}]",,,,1,0,,0,[],,,,,,,,,,,,,,,,,,,,,0,,,,,,,,,https://twitter.com/SneakEnergy/status/1344000068614053895,,,,,,,
1.34E+18,1.34E+18,30/12/2020,sneakenergy,@NotKeli ðŸ”¥ðŸ”¥ðŸ”¥ðŸ”¥,,,"[{'screen_name': 'NotKeli', 'name': 'Not Keli', 'id': '258522628'}]",,,,1,0,,0,[],,,,,,,,,,,,,,,,,,,,,0,,,,,,,,,https://twitter.com/SneakEnergy/status/1343969467680878594,,,,,,,
1.34E+18,1.34E+18,30/12/2020,sneakenergy,@SoyTofuBoy ðŸ‘€ðŸ‘€,,,"[{'screen_name': 'SoyTofuBoy', 'name': 'â�„One Cold Tofu Boyâ�„(Dad Joke ðŸ‘‘)', 'id': '3296451247'}]",,,,1,0,,0,[],,,,,,,,,,,,,,,,,,,,,0,,,,,,,,,https://twitter.com/SneakEnergy/status/1343969185001574400,,,,,,,
1.34E+18,1.34E+18,30/12/2020,sneakenergy,@TheTrophySage Those Sneaky stickers were hiding!,,,"[{'screen_name': 'TheTrophySage', 'name': 'The Trophy Sage', 'id': '1264334240948371456'}]",,,,1,0,,0,[],,,,,,,,,,,,,,,,,,,,,0,,,,,,,,,https://twitter.com/SneakEnergy/status/1343956368693334018,,,,,,,
1.34E+18,1.34E+18,29/12/2020,sneakenergy,@WajaTheHAT @mrWESTgg ðŸ’ªðŸ’ªðŸ’ª,,,"[{'screen_name': 'WajaTheHAT', 'name': 'Waja', 'id': '754049084210675712'}, {'screen_name': 'mrWESTgg', 'name': 'á´¡ á´‡ s á´› è¥¿', 'id': '1189776056028409861'}]",,,,1,0,,0,[],,,,,,,,,,,,,,,,,,,,,0,,,,,,,,,https://twitter.com/SneakEnergy/status/1343906695123267586,,,,,,,
1.34E+18,1.34E+18,29/12/2020,sneakenergy,@mrWESTgg @WajaTheHAT ðŸ™ŒðŸ™ŒðŸ™Œ,,,"[{'screen_name': 'mrWESTgg', 'name': 'á´¡ á´‡ s á´› è¥¿', 'id': '1189776056028409861'}, {'screen_name': 'WajaTheHAT', 'name': 'Waja', 'id': '754049084210675712'}]",,,,1,0,,0,[],,,,,,,,,,,,,,,,,,,,,0,,,,,,,,,https://twitter.com/SneakEnergy/status/1343906638567272448,,,,,,,
1.34E+18,1.34E+18,29/12/2020,sneakenergy,@DSA_Barmy Let us know!,,,"[{'screen_name': 'DSA_Barmy', 'name': 'DSA Barmy', 'id': '90704775'}]",,,,1,0,,2,[],,,,,,,,,,,,,,,,,,,,,0,,,,,,,,,https://twitter.com/SneakEnergy/status/1343906598947844097,,,,,,,
1.34E+18,1.34E+18,29/12/2020,sneakenergy,@morpheus_muses More info to come soon!,,,"[{'screen_name': 'morpheus_muses', 'name': 'Morpheus Muses', 'id': '731595725247631360'}]",,,,1,0,,0,[],,,,,,,,,,,,,,,,,,,,,0,,,,,,,,,https://twitter.com/SneakEnergy/status/1343865176576184321,,,,,,,
1.34E+18,1.34E+18,29/12/2020,sneakenergy,@1HandedPlayer thanks so much ðŸ˜�,,,"[{'screen_name': '1HandedPlayer', 'name': '1 HandedGamer', 'id': '560451310'}]",,,,1,0,,0,[],,,,,,,,,,,,,,,,,,,,,0,,,,,,,,,https://twitter.com/SneakEnergy/status/1343640893673365510,,,,,,,
1.34E+18,1.34E+18,29/12/2020,sneakenergy,@JAMES_CHERUB Blizzard is here for winter â�„ï¸�,,,"[{'screen_name': 'JAMES_CHERUB', 'name': 'ARMO aka James', 'id': '2376969559'}]",,,,1,0,,0,[],,,,,,,,,,,,,,,,,,,,,0,,,,,,,,,https://twitter.com/SneakEnergy/status/1343640852363669507,,,,,,,
1.34E+18,1.34E+18,29/12/2020,sneakenergy,@CJ_verse â�„ï¸�â�„ï¸�â�„ï¸�,,,"[{'screen_name': 'CJ_verse', 'name': 'CJ', 'id': '1267397813928935424'}]",,,,1,0,,0,[],,,,,,,,,,,,,,,,,,,,,0,,,,,,,,,https://twitter.com/SneakEnergy/status/1343640786760568833,,,,,,,
1.34E+18,1.34E+18,29/12/2020,sneakenergy,@N8Tube We made sure we stocked up!,,,"[{'screen_name': 'N8Tube', 'name': 'N8 Is Sippin On Coffee â˜•', 'id': '1276998498391654400'}]",,,,1,0,,1,[],,,,,,,,,,,,,,,,,,,,,0,,,,,,,,,https://twitter.com/SneakEnergy/status/1343636313224970240,,,,,,,
1.34E+18,1.34E+18,28/12/2020,sneakenergy,@Jamison_03 @harleyxngel â�„ï¸�â�„ï¸�â�„ï¸�,,,"[{'screen_name': 'Jamison_03', 'name': 'jamison', 'id': '285778145'}, {'screen_name': 'harleyxngel', 'name': 'harls â™¡', 'id': '832981465'}]",,,,1,0,,0,[],,,,,,,,,,,,,,,,,,,,,0,,,,,,,,,https://twitter.com/SneakEnergy/status/1343282229267623937,,,,,,,
1.34E+18,1.34E+18,28/12/2020,sneakenergy,@Sean_Ginnog @harleyxngel Blizzard is only here for winter ðŸ‘�,,,"[{'screen_name': 'Sean_Ginnog', 'name': 'Sean (Ginnog)', 'id': '126380109'}, {'screen_name': 'harleyxngel', 'name': 'harls â™¡', 'id': '832981465'}]",,,,1,0,,0,[],,,,,,,,,,,,,,,,,,,,,0,,,,,,,,,https://twitter.com/SneakEnergy/status/1343282172216668160,,,,,,,
1.34E+18,1.34E+18,28/12/2020,sneakenergy,@EpicNNG @harleyxngel Blizzard has a lemonade taste ðŸ¥¶,,,"[{'screen_name': 'EpicNNG', 'name': 'EpicNNG', 'id': '585698813'}, {'screen_name': 'harleyxngel', 'name': 'harls â™¡', 'id': '832981465'}]",,,,1,0,,1,[],,,,,,,,,,,,,,,,,,,,,0,,,,,,,,,https://twitter.com/SneakEnergy/status/1343281982424440832,,,,,,,
1.34E+18,1.34E+18,28/12/2020,sneakenergy,@ImPickleWolf @harleyxngel Love to know what you think ðŸ¥¶,,,"[{'screen_name': 'ImPickleWolf', 'name': 'ðŸ¥’PickledWolfðŸ¥’', 'id': '1140508817882603520'}, {'screen_name': 'harleyxngel', 'name': 'harls â™¡', 'id': '832981465'}]",,,,1,0,,1,[],,,,,,,,,,,,,,,,,,,,,0,,,,,,,,,https://twitter.com/SneakEnergy/status/1343281663510536192,,,,,,,
1.34E+18,1.34E+18,28/12/2020,sneakenergy,@SkyboundVR ðŸ”¥ðŸ”¥ðŸ”¥,,,"[{'screen_name': 'SkyboundVR', 'name': 'DJ Sky', 'id': '1089679047481847810'}]",,,,1,0,,0,[],,,,,,,,,,,,,,,,,,,,,0,,,,,,,,,https://twitter.com/SneakEnergy/status/1343239272996941824,,,,,,,
1.34E+18,1.34E+18,27/12/2020,sneakenergy,@B1ackFlask @CrimsonDragon91 ðŸ”¥ðŸ”¥ðŸ”¥ðŸ”¥,,,"[{'screen_name': 'B1ackFlask', 'name': 'B1ackFlask', 'id': '1252945671113641984'}, {'screen_name': 'CrimsonDragon91', 'name': 'CrimsonDragon ðŸ”¥ðŸ�²âš¡', 'id': '1085662825278853120'}]",,,,1,0,,0,[],,,,,,,,,,,,,,,,,,,,,0,,,,,,,,,https://twitter.com/SneakEnergy/status/1343210591817764864,,,,,,,
1.34E+18,1.34E+18,27/12/2020,sneakenergy,@duo42115 ðŸ˜‚ðŸ˜‚ðŸ˜‚,,,"[{'screen_name': 'duo42115', 'name': 'Chris', 'id': '1391172866'}]",,,,1,0,,0,[],,,,,,,,,,,,,,,,,,,,,0,,,,,,,,,https://twitter.com/SneakEnergy/status/1343124871497310209,,,,,,,
1.34E+18,1.34E+18,27/12/2020,sneakenergy,@Ditz3n Fingers crossed ðŸ™Œ,,,"[{'screen_name': 'Ditz3n', 'name': 'Ditz3n', 'id': '1597782324'}]",,,,1,0,,0,[],,,,,,,,,,,,,,,,,,,,,0,,,,,,,,,https://twitter.com/SneakEnergy/status/1342899891509600259,,,,,,,
1.35E+18,1.35E+18,08/01/2021,sneakenergy,@Tempest_Valdyr Thanks for understanding. You too!,,,"[{'screen_name': 'Tempest_Valdyr', 'name': 'Tempest', 'id': '4642578753'}]",,,,0,0,,0,[],,,,,,,,,,,,,,,,,,,,,0,,,,,,,,,https://twitter.com/SneakEnergy/status/1347538665971527680,,,,,,,
1.35E+18,1.35E+18,08/01/2021,sneakenergy,@alexlewis310195 @AverageDadFB Today is Blizzard day Alex! 3pm GMT ðŸŽ‰,,,"[{'screen_name': 'alexlewis310195', 'name': 'alex lewis âš’ï¸�', 'id': '1291466090'}, {'screen_name': 'AverageDadFB', 'name': 'AverageDad aka Dean', 'id': '1023854504436027398'}]",,,,0,0,,0,[],,,,,,,,,,,,,,,,,,,,,0,,,,,,,,,https://twitter.com/SneakEnergy/status/1347493654097780739,,,,,,,
1.35E+18,1.35E+18,08/01/2021,sneakenergy,@doovd94 ðŸ¤ŸðŸ¤ŸðŸ¤Ÿ,,,"[{'screen_name': 'doovd94', 'name': 'coxxxy94', 'id': '2348683065'}]",,,,0,0,,0,[],,,,,,,,,,,,,,,,,,,,,0,,,,,,,,,https://twitter.com/SneakEnergy/status/1347254179128090628,,,,,,,
1.35E+18,1.35E+18,08/01/2021,sneakenergy,"@RUFCMRN As with many things, the more you buy, the cheaper it is. The trial packs are individually wrapped, so naturally will be a little more expensive than a tub containing 40 servings.",,,"[{'screen_name': 'RUFCMRN', 'name': 'Chris North', 'id': '1638489378'}]",,,,0,0,,1,[],,,,,,,,,,,,,,,,,,,,,0,,,,,,,,,https://twitter.com/SneakEnergy/status/1347226278827618305,,,,,,,
1.35E+18,1.35E+18,07/01/2021,sneakenergy,RT @DavietheB: Massive Thanks to @sneakenergy for running an awesome competition &amp; for choosing me as the winner!! . . Hope I done the Framâ€¦,,,[],,,,0,5,,0,[],,,,,,,,,,,,,,,,1.35E+18,"Massive Thanks to @sneakenergy for running an awesome competition &amp; for choosing me as the winner!!
.
.
Hope I done the Framed #BLANKberry Proof justice in these photos, as itâ€™s a belter ðŸ¥°ðŸ¤© ~ Hereâ€™s to an awesome 2021 #BeardGang letâ€™s do it ðŸ™ŒðŸ�»
.
.
#DavieTheBearded #SneakEnergy https://t.co/h6UKkY6URg",2021-01-07 03:38:12 Taipei Standard Time,,,5,1.10E+18,,,,,,,,https://twitter.com/SneakEnergy/status/1347137249788506115,,,,,,,
1.35E+18,1.35E+18,05/01/2021,sneakenergy,@N8Tube Blizzard is a seasonal drop so it'll be available for a while! No need to worry about it selling out in a day or two. We have plenty of stock to last for a few weeks.,,,"[{'screen_name': 'N8Tube', 'name': 'N8 Is Sippin On Coffee â˜•', 'id': '1276998498391654400'}]",,,,0,0,,1,[],,,,,,,,,,,,,,,,,,,,,0,,,,,,,,,https://twitter.com/SneakEnergy/status/1346396131706744834,,,,,,,
1.35E+18,1.34E+18,05/01/2021,sneakenergy,@Converted_II ðŸ”¥ðŸ”¥ðŸ”¥ðŸ”¥,,,"[{'screen_name': 'Converted_II', 'name': 'Converted_II', 'id': '3483094336'}]",,,,0,0,,0,[],,,,,,,,,,,,,,,,,,,,,0,,,,,,,,,https://twitter.com/SneakEnergy/status/1346163408593428485,,,,,,,
1.35E+18,1.35E+18,04/01/2021,sneakenergy,@Shorts_x3_ ðŸ˜Žâš¡ï¸�,,,"[{'screen_name': 'Shorts_x3_', 'name': 'ðŸ‘½ Katie-Jo ðŸ‘½', 'id': '1183651370576109568'}]",,,,0,0,,0,[],,,,,,,,,,,,,,,,,,,,,0,,,,,,,,,https://twitter.com/SneakEnergy/status/1346023625414090752,,,,,,,
1.35E+18,1.35E+18,04/01/2021,sneakenergy,@jakgowan Unfortunately not at the moment. You guys will be the first to know when we have an update!,,,"[{'screen_name': 'jakgowan', 'name': 'Azaria', 'id': '2860163237'}]",,,,0,0,,1,[],,,,,,,,,,,,,,,,,,,,,0,,,,,,,,,https://twitter.com/SneakEnergy/status/1346023060017737730,,,,,,,
1.35E+18,1.34E+18,04/01/2021,sneakenergy,@Hannah_OOOSSH More details to follow...,,,"[{'screen_name': 'Hannah_OOOSSH', 'name': 'Hannah', 'id': '926885237182861312'}]",,,,0,0,,2,[],,,,,,,,,,,,,,,,,,,,,0,,,,,,,,,https://twitter.com/SneakEnergy/status/1345767379033354240,,,,,,,
1.35E+18,1.35E+18,04/01/2021,sneakenergy,@666illy Yes! ðŸ”¥ðŸ”¥ðŸ”¥ðŸ”¥,,,"[{'screen_name': '666illy', 'name': 'iLLY Senpai', 'id': '1275458972754022400'}]",,,,0,0,,0,[],,,,,,,,,,,,,,,,,,,,,0,,,,,,,,,https://twitter.com/SneakEnergy/status/1345766816044482565,,,,,,,
1.35E+18,1.35E+18,03/01/2021,sneakenergy,@K9G4MING I canâ€™t pick ðŸ¤¯ðŸ¤¯ðŸ¤¯ðŸ¤¯,,,"[{'screen_name': 'K9G4MING', 'name': 'K9G4MING', 'id': '3305181712'}]",,,,0,0,,3,[],,,,,,,,,,,,,,,,,,,,,0,,,,,,,,,https://twitter.com/SneakEnergy/status/1345733072961101825,,,,,,,
1.35E+18,1.35E+18,03/01/2021,sneakenergy,@Tessa_SmessaTTV ðŸ”¥ðŸ”¥ðŸ”¥,,,"[{'screen_name': 'Tessa_SmessaTTV', 'name': 'Tessa Jackson', 'id': '1205942601909710848'}]",,,,0,0,,0,[],,,,,,,,,,,,,,,,,,,,,0,,,,,,,,,https://twitter.com/SneakEnergy/status/1345665791161749504,,,,,,,
1.35E+18,1.35E+18,03/01/2021,sneakenergy,@StuGrainger ðŸ¤ŸðŸ¤ŸðŸ¤Ÿ,,,"[{'screen_name': 'StuGrainger', 'name': 'Stu Grainger', 'id': '1206924133747101696'}]",,,,0,0,,0,[],,,,,,,,,,,,,,,,,,,,,0,,,,,,,,,https://twitter.com/SneakEnergy/status/1345665678326591488,,,,,,,
1.35E+18,1.35E+18,03/01/2021,sneakenergy,@RossH4wk91 ðŸ‘€ðŸ‘€,,,"[{'screen_name': 'RossH4wk91', 'name': 'Ross Walsh', 'id': '543609698'}]",,,,0,0,,0,[],,,,,,,,,,,,,,,,,,,,,0,,,,,,,,,https://twitter.com/SneakEnergy/status/1345665639306964993,,,,,,,
1.35E+18,1.35E+18,03/01/2021,sneakenergy,@yama_HD Hopefully the restrictions will be lifted very soon ðŸ™�,,,"[{'screen_name': 'yama_HD', 'name': 'ÑƒÎ±Ð¼Î±_Ð½âˆ‚', 'id': '2896400302'}]",,,,0,0,,1,[],,,,,,,,,,,,,,,,,,,,,0,,,,,,,,,https://twitter.com/SneakEnergy/status/1345451146173952001,,,,,,,
1.35E+18,1.35E+18,03/01/2021,sneakenergy,@yoyoerplayz Thatâ€™s epic ðŸ™ŒðŸ™Œ,,,"[{'screen_name': 'yoyoerplayz', 'name': 'Yoyoerplayz', 'id': '1320420607411081217'}]",,,,0,0,,1,[],,,,,,,,,,,,,,,,,,,,,0,,,,,,,,,https://twitter.com/SneakEnergy/status/1345400308017590275,,,,,,,
1.35E+18,1.35E+18,02/01/2021,sneakenergy,@GamergeekUK_ ðŸ‘ŒðŸ‘ŒðŸ‘Œ,,,"[{'screen_name': 'GamergeekUK_', 'name': 'GamergeekUK', 'id': '1318567806015885312'}]",,,,0,0,,0,[],,,,,,,,,,,,,,,,,,,,,0,,,,,,,,,https://twitter.com/SneakEnergy/status/1345351765714210817,,,,,,,
1.35E+18,1.35E+18,02/01/2021,sneakenergy,@TheFeeN_ Wow! Really ðŸ¥º,,,"[{'screen_name': 'TheFeeN_', 'name': 'FeeN', 'id': '900578682'}]",,,,0,0,,1,[],,,,,,,,,,,,,,,,,,,,,0,,,,,,,,,https://twitter.com/SneakEnergy/status/1345310087645192193,,,,,,,
1.35E+18,1.34E+18,02/01/2021,sneakenergy,@DSA_Barmy ðŸ¤ŸðŸ¤ŸðŸ¤Ÿ,,,"[{'screen_name': 'DSA_Barmy', 'name': 'DSA Barmy', 'id': '90704775'}]",,,,0,0,,0,[],,,,,,,,,,,,,,,,,,,,,0,,,,,,,,,https://twitter.com/SneakEnergy/status/1345309991562051584,,,,,,,
1.34E+18,1.34E+18,01/01/2021,sneakenergy,@MitchellDefty @harleyxngel ðŸ™ŒðŸ™ŒðŸ™Œ,,,"[{'screen_name': 'MitchellDefty', 'name': 'Mitch Defty [SDMN]', 'id': '411003024'}, {'screen_name': 'harleyxngel', 'name': 'harls â™¡', 'id': '832981465'}]",,,,0,0,,0,[],,,,,,,,,,,,,,,,,,,,,0,,,,,,,,,https://twitter.com/SneakEnergy/status/1344699069097242626,,,,,,,
1.34E+18,1.34E+18,01/01/2021,sneakenergy,"@Capo1671 We donâ€™t have a preorder option, Blizzard is only available on 8th Jan ðŸ¤™",,,"[{'screen_name': 'Capo1671', 'name': 'Capo167', 'id': '1166675565505601536'}]",,,,0,0,,1,[],,,,,,,,,,,,,,,,,,,,,0,,,,,,,,,https://twitter.com/SneakEnergy/status/1344699003569639431,,,,,,,
1.34E+18,1.34E+18,01/01/2021,sneakenergy,@gre3ny6 Whoahhhhhhh,,,"[{'screen_name': 'gre3ny6', 'name': 'John Green Jr', 'id': '116485853'}]",,,,0,0,,0,[],,,,,,,,,,,,,,,,,,,,,0,,,,,,,,,https://twitter.com/SneakEnergy/status/1344698812787527681,,,,,,,
1.34E+18,1.34E+18,01/01/2021,sneakenergy,@EtherealLasagna Come on ðŸ’ªðŸ’ª,,,"[{'screen_name': 'EtherealLasagna', 'name': 'Shaun', 'id': '1326634912120778753'}]",,,,0,0,,1,[],,,,,,,,,,,,,,,,,,,,,0,,,,,,,,,https://twitter.com/SneakEnergy/status/1344698761604423683,,,,,,,
1.34E+18,1.33E+18,01/01/2021,sneakenergy,@Aaronwillis7 Not our setup so not sure sorry! But I believe they're Nanoleafs,,,"[{'screen_name': 'Aaronwillis7', 'name': 'Aaron willis', 'id': '75158269'}]",,,,0,0,,0,[],,,,,,,,,,,,,,,,,,,,,0,,,,,,,,,https://twitter.com/SneakEnergy/status/1344679856647368708,,,,,,,
1.34E+18,1.34E+18,31/12/2020,sneakenergy,@yoyoerplayz Let us know which one is your favourite!,,,"[{'screen_name': 'yoyoerplayz', 'name': 'Yoyoerplayz', 'id': '1320420607411081217'}]",,,,0,0,,1,[],,,,,,,,,,,,,,,,,,,,,0,,,,,,,,,https://twitter.com/SneakEnergy/status/1344601473129345025,,,,,,,
1.34E+18,1.34E+18,31/12/2020,sneakenergy,@iBBAA_ ðŸ™Œ,,,"[{'screen_name': 'iBBAA_', 'name': 'iBBA `Â´ âœ¨', 'id': '1097535390477664256'}]",,,,0,0,,0,[],,,,,,,,,,,,,,,,,,,,,0,,,,,,,,,https://twitter.com/SneakEnergy/status/1344595279094407168,,,,,,,
1.34E+18,1.34E+18,31/12/2020,sneakenergy,@PandaFTN We should have an update on restrictions very soon ðŸ™�,,,"[{'screen_name': 'PandaFTN', 'name': 'Panda', 'id': '1028056716385112064'}]",,,,0,0,,0,[],,,,,,,,,,,,,,,,,,,,,0,,,,,,,,,https://twitter.com/SneakEnergy/status/1344368623675170823,,,,,,,
1.34E+18,1.34E+18,31/12/2020,sneakenergy,@SSakura93 ðŸ”¥ðŸ”¥ðŸ”¥,,,"[{'screen_name': 'SSakura93', 'name': 'suteki_sakura93', 'id': '1228322336694317056'}]",,,,0,0,,1,[],,,,,,,,,,,,,,,,,,,,,0,,,,,,,,,https://twitter.com/SneakEnergy/status/1344368527327817728,,,,,,,
1.34E+18,1.34E+18,31/12/2020,sneakenergy,@Khuby ðŸ¤¯ðŸ¤¯ðŸ¤¯,,,"[{'screen_name': 'Khuby', 'name': 'Khuby', 'id': '25663234'}]",,,,0,0,,0,[],,,,,,,,,,,,,,,,,,,,,0,,,,,,,,,https://twitter.com/SneakEnergy/status/1344361422831165441,,,,,,,
1.34E+18,1.34E+18,31/12/2020,sneakenergy,@Aireans We should have an update on restrictions very soon ðŸ™Œ,,,"[{'screen_name': 'Aireans', 'name': 'Emma Scott', 'id': '2288249184'}]",,,,0,0,,1,[],,,,,,,,,,,,,,,,,,,,,0,,,,,,,,,https://twitter.com/SneakEnergy/status/1344361373359353857,,,,,,,
1.34E+18,1.34E+18,31/12/2020,sneakenergy,@LongboatGaming ðŸ”¥ðŸ”¥ðŸ”¥,,,"[{'screen_name': 'LongboatGaming', 'name': 'LongboatGaming #BLM', 'id': '881090936914268161'}]",,,,0,0,,0,[],,,,,,,,,,,,,,,,,,,,,0,,,,,,,,,https://twitter.com/SneakEnergy/status/1344361285509656578,,,,,,,
1.34E+18,1.34E+18,31/12/2020,sneakenergy,@Uns7ABleLogan ðŸ‘€ðŸ‘€,,,"[{'screen_name': 'Uns7ABleLogan', 'name': 'Uns7ABle-Logan', 'id': '342999270'}]",,,,0,0,,0,[],,,,,,,,,,,,,,,,,,,,,0,,,,,,,,,https://twitter.com/SneakEnergy/status/1344361129884135426,,,,,,,
1.34E+18,1.34E+18,30/12/2020,sneakenergy,@carlrydings More info to come soon!,,,"[{'screen_name': 'carlrydings', 'name': 'Carl Rydings', 'id': '426880043'}]",,,,0,0,,0,[],,,,,,,,,,,,,,,,,,,,,0,,,,,,,,,https://twitter.com/SneakEnergy/status/1344311800398020610,,,,,,,
1.34E+18,1.34E+18,30/12/2020,sneakenergy,@Converted_II Let us know what you think!,,,"[{'screen_name': 'Converted_II', 'name': 'Converted_II', 'id': '3483094336'}]",,,,0,0,,1,[],,,,,,,,,,,,,,,,,,,,,0,,,,,,,,,https://twitter.com/SneakEnergy/status/1344311669107916803,,,,,,,
1.34E+18,1.34E+18,30/12/2020,sneakenergy,@stxtfishy ðŸ”¥ ðŸ”¥ ðŸ”¥,,,"[{'screen_name': 'stxtfishy', 'name': 'stxtfishy | @teamdopez', 'id': '1183638789216002048'}]",,,,0,0,,0,[],,,,,,,,,,,,,,,,,,,,,0,,,,,,,,,https://twitter.com/SneakEnergy/status/1344311023445176320,,,,,,,
1.34E+18,1.34E+18,30/12/2020,sneakenergy,@GamerDragonTV ðŸ™ŒðŸ™ŒðŸ™Œ,,,"[{'screen_name': 'GamerDragonTV', 'name': 'GamerDragon', 'id': '782644355697750016'}]",,,,0,0,,0,[],,,,,,,,,,,,,,,,,,,,,0,,,,,,,,,https://twitter.com/SneakEnergy/status/1344247691874852864,,,,,,,
1.34E+18,1.34E+18,30/12/2020,sneakenergy,@TROPINSLV Where did you get it?,,,"[{'screen_name': 'TROPINSLV', 'name': 'TROPINSLV', 'id': '1190536766857588736'}]",,,,0,0,,1,[],,,,,,,,,,,,,,,,,,,,,0,,,,,,,,,https://twitter.com/SneakEnergy/status/1344247603777646592,,,,,,,
1.34E+18,1.34E+18,30/12/2020,sneakenergy,@solonduin Dream big!,,,"[{'screen_name': 'solonduin', 'name': 'Solonduin', 'id': '397570269'}]",,,,0,0,,0,[],,,,,,,,,,,,,,,,,,,,,0,,,,,,,,,https://twitter.com/SneakEnergy/status/1344247153108123650,,,,,,,
1.34E+18,1.34E+18,30/12/2020,sneakenergy,@Khuby ðŸ‘€ðŸ‘€ðŸ‘€,,,"[{'screen_name': 'Khuby', 'name': 'Khuby', 'id': '25663234'}]",,,,0,0,,0,[],,,,,,,,,,,,,,,,,,,,,0,,,,,,,,,https://twitter.com/SneakEnergy/status/1344243866694782981,,,,,,,
1.34E+18,1.34E+18,30/12/2020,sneakenergy,@Mordred_Skaikru Just tubs on the 8th ðŸ‘€,,,"[{'screen_name': 'Mordred_Skaikru', 'name': 'Mordred_Skaikru', 'id': '1019222856352362497'}]",,,,0,0,,0,[],,,,,,,,,,,,,,,,,,,,,0,,,,,,,,,https://twitter.com/SneakEnergy/status/1344236085719789568,,,,,,,
1.34E+18,1.34E+18,30/12/2020,sneakenergy,@1HandedPlayer Thatâ€™s a classic ðŸ¥¶,,,"[{'screen_name': '1HandedPlayer', 'name': '1 HandedGamer', 'id': '560451310'}]",,,,0,0,,0,[],,,,,,,,,,,,,,,,,,,,,0,,,,,,,,,https://twitter.com/SneakEnergy/status/1344000107075821568,,,,,,,
1.34E+18,1.34E+18,30/12/2020,sneakenergy,@EthiiczzTwitch Letâ€™s go ðŸ¤ŸðŸ¤Ÿ,,,"[{'screen_name': 'EthiiczzTwitch', 'name': 'ethiiczztwitch', 'id': '1194710815137574916'}]",,,,0,0,,0,[],,,,,,,,,,,,,,,,,,,,,0,,,,,,,,,https://twitter.com/SneakEnergy/status/1343969769767235585,,,,,,,
1.34E+18,1.34E+18,30/12/2020,sneakenergy,@crankthatfranke Let us know what you think!,,,"[{'screen_name': 'crankthatfranke', 'name': 'Tyler', 'id': '1127509504411750400'}]",,,,0,0,,0,[],,,,,,,,,,,,,,,,,,,,,0,,,,,,,,,https://twitter.com/SneakEnergy/status/1343956402759471106,,,,,,,
1.34E+18,1.34E+18,30/12/2020,sneakenergy,@Ostardva There are no plans in place to bring them back I'm afraid!,,,"[{'screen_name': 'Ostardva', 'name': 'Phil ðŸ�³ï¸�â€�ðŸŒˆ', 'id': '25361446'}]",,,,0,0,,0,[],,,,,,,,,,,,,,,,,,,,,0,,,,,,,,,https://twitter.com/SneakEnergy/status/1343954682289532931,,,,,,,
1.34E+18,1.34E+18,29/12/2020,sneakenergy,@SSakura93 More info on the launch to come soon. The Snapback won't be restocked I'm afraid,,,"[{'screen_name': 'SSakura93', 'name': 'suteki_sakura93', 'id': '1228322336694317056'}]",,,,0,0,,0,[],,,,,,,,,,,,,,,,,,,,,0,,,,,,,,,https://twitter.com/SneakEnergy/status/1343903078299426816,,,,,,,
1.34E+18,1.34E+18,29/12/2020,sneakenergy,@teacakes1989 More info to come soon ðŸ‘�,,,"[{'screen_name': 'teacakes1989', 'name': 'teacakes', 'id': '1244707181506834432'}]",,,,0,0,,0,[],,,,,,,,,,,,,,,,,,,,,0,,,,,,,,,https://twitter.com/SneakEnergy/status/1343865809366605824,,,,,,,
1.34E+18,1.34E+18,29/12/2020,sneakenergy,@WP_Brujah Can you email our customer service team so they can look into this?,,,"[{'screen_name': 'WP_Brujah', 'name': 'WP_Brujah', 'id': '163939123'}]",,,,0,0,,0,[],,,,,,,,,,,,,,,,,,,,,0,,,,,,,,,https://twitter.com/SneakEnergy/status/1343865319216074752,,,,,,,
1.34E+18,1.34E+18,29/12/2020,sneakenergy,"@skitz0frenix23 Keep grinding, we're always watching ðŸ‘€",,,"[{'screen_name': 'skitz0frenix23', 'name': '(CiC) Skitzzee', 'id': '715445088'}]",,,,0,0,,0,[],,,,,,,,,,,,,,,,,,,,,0,,,,,,,,,https://twitter.com/SneakEnergy/status/1343863583017472001,,,,,,,
1.34E+18,1.34E+18,29/12/2020,sneakenergy,@solonduin ðŸ‘€ðŸ‘€,,,"[{'screen_name': 'solonduin', 'name': 'Solonduin', 'id': '397570269'}]",,,,0,0,,0,[],,,,,,,,,,,,,,,,,,,,,0,,,,,,,,,https://twitter.com/SneakEnergy/status/1343640963873468420,,,,,,,
1.34E+18,1.34E+18,29/12/2020,sneakenergy,@gcbplays ðŸ¤ŸðŸ¤ŸðŸ¤Ÿ,,,"[{'screen_name': 'gcbplays', 'name': 'GCB (George)', 'id': '761891036293689344'}]",,,,0,0,,0,[],,,,,,,,,,,,,,,,,,,,,0,,,,,,,,,https://twitter.com/SneakEnergy/status/1343636226637783041,,,,,,,
1.34E+18,1.34E+18,28/12/2020,sneakenergy,@GamerDragonTV ðŸ¤©ðŸ¤©ðŸ¤©,,,"[{'screen_name': 'GamerDragonTV', 'name': 'GamerDragon', 'id': '782644355697750016'}]",,,,0,0,,0,[],,,,,,,,,,,,,,,,,,,,,0,,,,,,,,,https://twitter.com/SneakEnergy/status/1343568095705788420,,,,,,,
1.34E+18,1.34E+18,28/12/2020,sneakenergy,@Jakkeez We will let everyone know as soon as we can ðŸ™Œ,,,"[{'screen_name': 'Jakkeez', 'name': 'Jakkeez', 'id': '483689337'}]",,,,0,0,,0,[],,,,,,,,,,,,,,,,,,,,,0,,,,,,,,,https://twitter.com/SneakEnergy/status/1343568044698849280,,,,,,,
1.34E+18,1.34E+18,28/12/2020,sneakenergy,@Frazzz101 @harleyxngel ðŸ¥¶ðŸ¥¶ðŸ¥¶,,,"[{'screen_name': 'Frazzz101', 'name': 'Frazzz', 'id': '215705483'}, {'screen_name': 'harleyxngel', 'name': 'harls â™¡', 'id': '832981465'}]",,,,0,0,,0,[],,,,,,,,,,,,,,,,,,,,,0,,,,,,,,,https://twitter.com/SneakEnergy/status/1343456937690755072,,,,,,,
1.34E+18,1.34E+18,28/12/2020,sneakenergy,@Sky_Heindel @harleyxngel Add away ðŸ™ŒðŸ™Œ,,,"[{'screen_name': 'Sky_Heindel', 'name': 'SKYðŸ’�ðŸ�³ï¸�â€�ðŸŒˆðŸ¦†ðŸ’»', 'id': '911101856'}, {'screen_name': 'harleyxngel', 'name': 'harls â™¡', 'id': '832981465'}]",,,,0,0,,0,[],,,,,,,,,,,,,,,,,,,,,0,,,,,,,,,https://twitter.com/SneakEnergy/status/1343282403872223232,,,,,,,
1.34E+18,1.34E+18,28/12/2020,sneakenergy,@Setab1991 @harleyxngel Always on time ðŸ˜Ž,,,"[{'screen_name': 'Setab1991', 'name': 'Setab', 'id': '337440400'}, {'screen_name': 'harleyxngel', 'name': 'harls â™¡', 'id': '832981465'}]",,,,0,0,,1,[],,,,,,,,,,,,,,,,,,,,,0,,,,,,,,,https://twitter.com/SneakEnergy/status/1343282108425531397,,,,,,,
1.34E+18,1.34E+18,28/12/2020,sneakenergy,@DrTravestyTV @harleyxngel Happy birthday ðŸ¤ŸðŸ¤Ÿ,,,"[{'screen_name': 'DrTravestyTV', 'name': 'DrTravestyâœ¨', 'id': '2334985143'}, {'screen_name': 'harleyxngel', 'name': 'harls â™¡', 'id': '832981465'}]",,,,0,0,,1,[],,,,,,,,,,,,,,,,,,,,,0,,,,,,,,,https://twitter.com/SneakEnergy/status/1343282069854511104,,,,,,,
1.34E+18,1.34E+18,28/12/2020,sneakenergy,@CorabellWitch @harleyxngel @gameinfogetter â�„ï¸�â�„ï¸�â�„ï¸�,,,"[{'screen_name': 'CorabellWitch', 'name': 'WitchCorabell', 'id': '1330343557606019072'}, {'screen_name': 'harleyxngel', 'name': 'harls â™¡', 'id': '832981465'}, {'screen_name': 'gameinfogetter', 'name': 'Gameinfogetter', 'id': '1053241759348805632'}]",,,,0,0,,0,[],,,,,,,,,,,,,,,,,,,,,0,,,,,,,,,https://twitter.com/SneakEnergy/status/1343282014439567360,,,,,,,
1.34E+18,1.34E+18,28/12/2020,sneakenergy,@morpheus_muses @harleyxngel That would be a negative ðŸ˜‚,,,"[{'screen_name': 'morpheus_muses', 'name': 'Morpheus Muses', 'id': '731595725247631360'}, {'screen_name': 'harleyxngel', 'name': 'harls â™¡', 'id': '832981465'}]",,,,0,0,,1,[],,,,,,,,,,,,,,,,,,,,,0,,,,,,,,,https://twitter.com/SneakEnergy/status/1343281934420602885,,,,,,,
1.34E+18,1.34E+18,28/12/2020,sneakenergy,@NeXuSNiA444 @harleyxngel Blizzard will only be here for winter â�„ï¸�,,,"[{'screen_name': 'NeXuSNiA444', 'name': 'Jimmy', 'id': '719244223309029377'}, {'screen_name': 'harleyxngel', 'name': 'harls â™¡', 'id': '832981465'}]",,,,0,0,,1,[],,,,,,,,,,,,,,,,,,,,,0,,,,,,,,,https://twitter.com/SneakEnergy/status/1343281840812138497,,,,,,,
1.34E+18,1.34E+18,28/12/2020,sneakenergy,@timberwulff @harleyxngel We would love that ðŸ‘�,,,"[{'screen_name': 'timberwulff', 'name': 'timberwulff', 'id': '16842456'}, {'screen_name': 'harleyxngel', 'name': 'harls â™¡', 'id': '832981465'}]",,,,0,0,,0,[],,,,,,,,,,,,,,,,,,,,,0,,,,,,,,,https://twitter.com/SneakEnergy/status/1343281771144749064,,,,,,,
1.34E+18,1.34E+18,28/12/2020,sneakenergy,@PlaysLizz @harleyxngel ðŸ˜‚ðŸ˜‚ðŸ˜‚,,,"[{'screen_name': 'PlaysLizz', 'name': 'LIZZ', 'id': '1039059299933331456'}, {'screen_name': 'harleyxngel', 'name': 'harls â™¡', 'id': '832981465'}]",,,,0,0,,0,[],,,,,,,,,,,,,,,,,,,,,0,,,,,,,,,https://twitter.com/SneakEnergy/status/1343281604555321344,,,,,,,
